ts,RET_1,VOL_YES_1,VOL_NO_1,VOL_TOTAL_1,RET_2,VOL_YES_2,VOL_NO_2,VOL_TOTAL_2,RET_3,VOL_YES_3,VOL_NO_3,VOL_TOTAL_3,RET_4,VOL_YES_4,VOL_NO_4,VOL_TOTAL_4,RET_5,VOL_YES_5,VOL_NO_5,VOL_TOTAL_5,RET_6,VOL_YES_6,VOL_NO_6,VOL_TOTAL_6,RET_7,VOL_YES_7,VOL_NO_7,VOL_TOTAL_7,RET_8,VOL_YES_8,VOL_NO_8,VOL_TOTAL_8,RET_9,VOL_YES_9,VOL_NO_9,VOL_TOTAL_9,RET_10,VOL_YES_10,VOL_NO_10,VOL_TOTAL_10,RET_MEAN_5,RET_STD_5,VOL_MEAN_5,RET_MEAN_10,RET_STD_10,VOL_MEAN_10,DIST_50,DIST_MIN_20,DIST_MAX_20,VOL_IMBALANCE
2026-01-25 05:00:00+00:00,,,,,,,,,,,,,,,,,,,,,,,,,,,,,,,,,,,,,,,,,,,,,,,,,,
2026-01-26 05:00:00+00:00,,0.0,0.0,,,,,,,,,,,,,,,,,,,,,,,,,,,,,,,,,,,,,,,,,,,,,,,
2026-01-27 05:00:00+00:00,,0.0,0.0,,,0.0,0.0,,,,,,,,,,,,,,,,,,,,,,,,,,,,,,,,,,,,,,,,,,,
2026-01-28 05:00:00+00:00,,0.0,0.0,,,0.0,0.0,,,0.0,0.0,,,,,,,,,,,,,,,,,,,,,,,,,,,,,,,,,,,,,,,
2026-01-29 05:00:00+00:00,,0.0,0.0,,,0.0,0.0,,,0.0,0.0,,,0.0,0.0,,,,,,,,,,,,,,,,,,,,,,,,,,,,,,,,,,,
2026-01-30 05:00:00+00:00,,0.0,0.0,,,0.0,0.0,,,0.0,0.0,,,0.0,0.0,,,0.0,0.0,,,,,,,,,,,,,,,,,,,,,,,,,,,,,,,
2026-01-31 05:00:00+00:00,,0.0,0.0,,,0.0,0.0,,,0.0,0.0,,,0.0,0.0,,,0.0,0.0,,,0.0,0.0,,,,,,,,,,,,,,,,,,,,,,,,,,,
2026-02-01 05:00:00+00:00,,0.0,0.0,,,0.0,0.0,,,0.0,0.0,,,0.0,0.0,,,0.0,0.0,,,0.0,0.0,,,0.0,0.0,,,,,,,,,,,,,,,,,,,,,,,
2026-02-02 05:00:00+00:00,,0.0,0.0,,,0.0,0.0,,,0.0,0.0,,,0.0,0.0,,,0.0,0.0,,,0.0,0.0,,,0.0,0.0,,,0.0,0.0,,,,,,,,,,,,,,,,,,,
2026-02-03 05:00:00+00:00,,0.0,0.0,,,0.0,0.0,,,0.0,0.0,,,0.0,0.0,,,0.0,0.0,,,0.0,0.0,,,0.0,0.0,,,0.0,0.0,,,0.0,0.0,,,,,,,,,,,,,,,
2026-02-04 05:00:00+00:00,,0.0,0.0,,,0.0,0.0,,,0.0,0.0,,,0.0,0.0,,,0.0,0.0,,,0.0,0.0,,,0.0,0.0,,,0.0,0.0,,,0.0,0.0,,,0.0,0.0,,,,,,,,0.92,,,
2026-02-05 05:00:00+00:00,0.0,0.0,0.0,,,0.0,0.0,,,0.0,0.0,,,0.0,0.0,,,0.0,0.0,,,0.0,0.0,,,0.0,0.0,,,0.0,0.0,,,0.0,0.0,,,0.0,0.0,,,,,,,,0.92,,,
2026-02-06 05:00:00+00:00,-0.1875,0.0,0.0,,0.0,0.0,0.0,,,0.0,0.0,,,0.0,0.0,,,0.0,0.0,,,0.0,0.0,,,0.0,0.0,,,0.0,0.0,,,0.0,0.0,,,0.0,0.0,,,,,,,,0.56,,,
2026-02-07 05:00:00+00:00,0.03846153846153855,0.0,0.0,,-0.1875,0.0,0.0,,0.0,0.0,0.0,,,0.0,0.0,,,0.0,0.0,,,0.0,0.0,,,0.0,0.0,,,0.0,0.0,,,0.0,0.0,,,0.0,0.0,,,,,,,,0.62,,,
2026-02-08 05:00:00+00:00,0.03703703703703698,0.0,0.0,,0.03846153846153855,0.0,0.0,,-0.1875,0.0,0.0,,0.0,0.0,0.0,,,0.0,0.0,,,0.0,0.0,,,0.0,0.0,,,0.0,0.0,,,0.0,0.0,,,0.0,0.0,,,,,,,,0.68,,,
2026-02-09 05:00:00+00:00,0.0,0.0,0.0,,0.03703703703703698,0.0,0.0,,0.03846153846153855,0.0,0.0,,-0.1875,0.0,0.0,,0.0,0.0,0.0,,,0.0,0.0,,,0.0,0.0,,,0.0,0.0,,,0.0,0.0,,,0.0,0.0,,-0.022400284900284895,0.09420511959978821,,,,,0.68,,,
2026-02-10 05:00:00+00:00,0.11904761904761907,0.0,0.0,,0.0,0.0,0.0,,0.03703703703703698,0.0,0.0,,0.03846153846153855,0.0,0.0,,-0.1875,0.0,0.0,,0.0,0.0,0.0,,,0.0,0.0,,,0.0,0.0,,,0.0,0.0,,,0.0,0.0,,0.0014092389092389191,0.11420342363815295,,,,,0.88,,,
2026-02-13 05:00:00+00:00,0.0,0.0,0.0,,0.11904761904761907,0.0,0.0,,0.0,0.0,0.0,,0.03703703703703698,0.0,0.0,,0.03846153846153855,0.0,0.0,,-0.1875,0.0,0.0,,0.0,0.0,0.0,,,0.0,0.0,,,0.0,0.0,,,0.0,0.0,,0.03890923890923892,0.04861512956821448,,,,,0.88,,,
2026-02-14 05:00:00+00:00,-0.13851063829787247,0.0,0.0,,0.0,0.0,0.0,,0.11904761904761907,0.0,0.0,,0.0,0.0,0.0,,0.03703703703703698,0.0,0.0,,0.03846153846153855,0.0,0.0,,-0.1875,0.0,0.0,,0.0,0.0,0.0,,,0.0,0.0,,,0.0,0.0,,0.003514803557356716,0.0930960598183939,,,,,0.6195999999999998,,,
2026-02-15 05:00:00+00:00,0.12373425537169691,0.0,0.0,,-0.13851063829787247,0.0,0.0,,0.0,0.0,0.0,,0.11904761904761907,0.0,0.0,,0.0,0.0,0.0,,0.03703703703703698,0.0,0.0,,0.03846153846153855,0.0,0.0,,-0.1875,0.0,0.0,,0.0,0.0,0.0,,,0.0,0.0,,0.0208542472242887,0.10781140980726557,,,,,0.82,,,
2026-02-16 05:00:00+00:00,0.0,0.0,0.0,,0.12373425537169691,0.0,0.0,,-0.13851063829787247,0.0,0.0,,0.0,0.0,0.0,,0.11904761904761907,0.0,0.0,,0.0,0.0,0.0,,0.03703703703703698,0.0,0.0,,0.03846153846153855,0.0,0.0,,-0.1875,0.0,0.0,,0.0,0.0,0.0,,0.0208542472242887,0.10781140980726557,,-0.0007730188379980963,0.0981320000741924,,0.82,,,
2026-02-17 05:00:00+00:00,0.0,0.0,0.0,,0.0,0.0,0.0,,0.12373425537169691,0.0,0.0,,-0.13851063829787247,0.0,0.0,,0.0,0.0,0.0,,0.11904761904761907,0.0,0.0,,0.0,0.0,0.0,,0.03703703703703698,0.0,0.0,,0.03846153846153855,0.0,0.0,,-0.1875,0.0,0.0,,-0.0029552765852351114,0.09280583841493509,,-0.0007730188379980963,0.0981320000741924,,0.82,,,
2026-02-18 05:00:00+00:00,-0.038461538461538436,0.0,0.0,,0.0,0.0,0.0,,0.0,0.0,0.0,,0.12373425537169691,0.0,0.0,,-0.13851063829787247,0.0,0.0,,0.0,0.0,0.0,,0.11904761904761907,0.0,0.0,,0.0,0.0,0.0,,0.03703703703703698,0.0,0.0,,0.03846153846153855,0.0,0.0,,-0.0106475842775428,0.09408479893181985,,0.01413082731584806,0.07527816391580694,,0.75,,,
2026-02-19 05:00:00+00:00,0.02857142857142847,0.0,0.0,,-0.038461538461538436,0.0,0.0,,0.0,0.0,0.0,,0.0,0.0,0.0,,0.12373425537169691,0.0,0.0,,-0.13851063829787247,0.0,0.0,,0.0,0.0,0.0,,0.11904761904761907,0.0,0.0,,0.0,0.0,0.0,,0.03703703703703698,0.0,0.0,,0.02276882909631739,0.061265170634999463,,0.013141816326837053,0.07498739427042958,,0.8,,,
2026-02-20 05:00:00+00:00,-0.1333333333333333,0.0,0.0,,0.02857142857142847,0.0,0.0,,-0.038461538461538436,0.0,0.0,,0.0,0.0,0.0,,0.0,0.0,0.0,,0.12373425537169691,0.0,0.0,,-0.13851063829787247,0.0,0.0,,0.0,0.0,0.0,,0.11904761904761907,0.0,0.0,,0.0,0.0,0.0,,-0.028644688644688655,0.06318782183194525,,-0.0038952207101999757,0.08729857150440418,,0.56,,,
2026-02-21 05:00:00+00:00,0.0,0.0,0.0,,-0.1333333333333333,0.0,0.0,,0.02857142857142847,0.0,0.0,,-0.038461538461538436,0.0,0.0,,0.0,0.0,0.0,,0.0,0.0,0.0,,0.12373425537169691,0.0,0.0,,-0.13851063829787247,0.0,0.0,,0.0,0.0,0.0,,0.11904761904761907,0.0,0.0,,-0.028644688644688655,0.06318782183194525,,-0.0038952207101999757,0.08729857150440418,,0.56,,,
2026-02-22 05:00:00+00:00,0.061153846153846114,0.0,0.0,,0.0,0.0,0.0,,-0.1333333333333333,0.0,0.0,,0.02857142857142847,0.0,0.0,,-0.038461538461538436,0.0,0.0,,0.0,0.0,0.0,,0.0,0.0,0.0,,0.12373425537169691,0.0,0.0,,-0.13851063829787247,0.0,0.0,,0.0,0.0,0.0,,-0.016413919413919432,0.07494348436654363,,-0.009684597999577271,0.07984056031210988,,0.6553999999999999,,,
2026-02-23 05:00:00+00:00,0.06318714510088208,0.0,0.0,,0.061153846153846114,0.0,0.0,,0.0,0.0,0.0,,-0.1333333333333333,0.0,0.0,,0.02857142857142847,0.0,0.0,,-0.038461538461538436,0.0,0.0,,0.0,0.0,0.0,,0.0,0.0,0.0,,0.12373425537169691,0.0,0.0,,-0.13851063829787247,0.0,0.0,,0.003915817298564672,0.0810090186155522,,-0.003365883489489063,0.08312498862960714,,0.76,,,
2026-02-24 05:00:00+00:00,-0.011363636363636354,0.0,0.0,,0.06318714510088208,0.0,0.0,,0.061153846153846114,0.0,0.0,,0.0,0.0,0.0,,-0.1333333333333333,0.0,0.0,,0.02857142857142847,0.0,0.0,,-0.038461538461538436,0.0,0.0,,0.0,0.0,0.0,,0.0,0.0,0.0,,0.12373425537169691,0.0,0.0,,-0.004071195688448293,0.0799319164084703,,0.009348816703934549,0.06861413597534018,,0.74,,,
2026-02-25 05:00:00+00:00,-0.01045977011494248,0.0,0.0,,-0.011363636363636354,0.0,0.0,,0.06318714510088208,0.0,0.0,,0.061153846153846114,0.0,0.0,,0.0,0.0,0.0,,-0.1333333333333333,0.0,0.0,,0.02857142857142847,0.0,0.0,,-0.038461538461538436,0.0,0.0,,0.0,0.0,0.0,,0.0,0.0,0.0,,0.020503516955229874,0.038304621751179116,,-0.00407058584472939,0.05565633116196807,,0.7218000000000001,0.4494444444194755,0.5505555555249689,
2026-02-26 05:00:00+00:00,-0.012661168544546464,0.0,0.0,,-0.01045977011494248,0.0,0.0,,-0.011363636363636354,0.0,0.0,,0.06318714510088208,0.0,0.0,,0.061153846153846114,0.0,0.0,,0.0,0.0,0.0,,-0.1333333333333333,0.0,0.0,,0.02857142857142847,0.0,0.0,,-0.038461538461538436,0.0,0.0,,0.0,0.0,0.0,,0.01797128324632058,0.04036216455105762,,-0.0053367026991840375,0.05569743930759361,,0.7,0.38888888886728395,0.6111111110771605,
2026-02-27 05:00:00+00:00,0.0117647058823529,0.0,0.0,,-0.012661168544546464,0.0,0.0,,-0.01045977011494248,0.0,0.0,,-0.011363636363636354,0.0,0.0,,0.06318714510088208,0.0,0.0,,0.061153846153846114,0.0,0.0,,0.0,0.0,0.0,,-0.1333333333333333,0.0,0.0,,0.02857142857142847,0.0,0.0,,-0.038461538461538436,0.0,0.0,,0.008093455192021936,0.0324127588186646,,-0.004160232110948747,0.055946382723035246,,0.72,0.49999999996875,0.49999999996875,
2026-02-28 05:00:00+00:00,0.0,0.0,0.0,,0.0117647058823529,0.0,0.0,,-0.012661168544546464,0.0,0.0,,-0.01045977011494248,0.0,0.0,,-0.011363636363636354,0.0,0.0,,0.06318714510088208,0.0,0.0,,0.061153846153846114,0.0,0.0,,0.0,0.0,0.0,,-0.1333333333333333,0.0,0.0,,0.02857142857142847,0.0,0.0,,-0.00454397382815448,0.01041650163105783,,-0.00031407826479490364,0.05463289462698392,,0.72,0.49999999996875,0.49999999996875,
2026-03-01 05:00:00+00:00,0.0,0.0,0.0,,0.0,0.0,0.0,,0.0117647058823529,0.0,0.0,,-0.012661168544546464,0.0,0.0,,-0.01045977011494248,0.0,0.0,,-0.011363636363636354,0.0,0.0,,0.06318714510088208,0.0,0.0,,0.061153846153846114,0.0,0.0,,0.0,0.0,0.0,,-0.1333333333333333,0.0,0.0,,-0.0022712465554272088,0.009776598075141321,,-0.003171221121937751,0.05369344266276618,,0.72,0.49999999996875,0.49999999996875,
2026-03-02 05:00:00+00:00,-0.005813953488372103,0.0,0.0,,0.0,0.0,0.0,,0.0,0.0,0.0,,0.0117647058823529,0.0,0.0,,-0.012661168544546464,0.0,0.0,,-0.01045977011494248,0.0,0.0,,-0.011363636363636354,0.0,0.0,,0.06318714510088208,0.0,0.0,,0.061153846153846114,0.0,0.0,,0.0,0.0,0.0,,-0.0013420832301131336,0.008993186470793927,,0.00958071686255837,0.02864642971789787,,0.71,0.4687499999707031,0.5312499999667969,
2026-03-03 05:00:00+00:00,-0.041637426900584806,0.0,0.0,,-0.005813953488372103,0.0,0.0,,0.0,0.0,0.0,,0.0,0.0,0.0,,0.0117647058823529,0.0,0.0,,-0.012661168544546464,0.0,0.0,,-0.01045977011494248,0.0,0.0,,-0.011363636363636354,0.0,0.0,,0.06318714510088208,0.0,0.0,,0.061153846153846114,0.0,0.0,,-0.007137334901320802,0.02031734438292015,,0.005416974172499889,0.0329033973309976,,0.6387999999999999,0.24624999998460922,0.7537499999528907,
2026-03-04 05:00:00+00:00,-0.02257749572858203,0.0,0.0,,-0.041637426900584806,0.0,0.0,,-0.005813953488372103,0.0,0.0,,0.0,0.0,0.0,,0.0,0.0,0.0,,0.0117647058823529,0.0,0.0,,-0.012661168544546464,0.0,0.0,,-0.01045977011494248,0.0,0.0,,-0.011363636363636354,0.0,0.0,,0.06318714510088208,0.0,0.0,,-0.014005775223507788,0.018002860810045686,,-0.002956160015742926,0.02732459146533656,,0.6017999999999998,0.13062499999183527,0.8693749999456647,
2026-03-05 05:00:00+00:00,-0.07166937195654866,0.0,0.0,,-0.02257749572858203,0.0,0.0,,-0.041637426900584806,0.0,0.0,,-0.005813953488372103,0.0,0.0,,0.0,0.0,0.0,,0.0,0.0,0.0,,0.0117647058823529,0.0,0.0,,-0.012661168544546464,0.0,0.0,,-0.01045977011494248,0.0,0.0,,-0.011363636363636354,0.0,0.0,,-0.028339649614817518,0.029146358531700087,,-0.016441811721486,0.024146866263009308,,0.48700000000000015,0.0,0.9999999999399399,
2026-03-06 05:00:00+00:00,-0.011028917283120498,0.0,0.0,,-0.07166937195654866,0.0,0.0,,-0.02257749572858203,0.0,0.0,,-0.041637426900584806,0.0,0.0,,-0.005813953488372103,0.0,0.0,,0.0,0.0,0.0,,0.0,0.0,0.0,,0.0117647058823529,0.0,0.0,,-0.012661168544546464,0.0,0.0,,-0.01045977011494248,0.0,0.0,,-0.03054543307144162,0.026787306569133994,,-0.016408339813434415,0.024154918317814113,,0.4706,0.0,0.999999999942759,
2026-03-07 05:00:00+00:00,0.007343941248470154,0.0,0.0,,-0.011028917283120498,0.0,0.0,,-0.07166937195654866,0.0,0.0,,-0.02257749572858203,0.0,0.0,,-0.041637426900584806,0.0,0.0,,-0.005813953488372103,0.0,0.0,,0.0,0.0,0.0,,0.0,0.0,0.0,,0.0117647058823529,0.0,0.0,,-0.012661168544546464,0.0,0.0,,-0.027913854124073167,0.030247197135108726,,-0.01462796867709315,0.025272358353692743,,0.48140000000000016,0.030910131652495485,0.9690898682902636,
2026-03-08 05:00:00+00:00,-0.16065883623599309,0.0,0.0,,0.007343941248470154,0.0,0.0,,-0.011028917283120498,0.0,0.0,,-0.07166937195654866,0.0,0.0,,-0.02257749572858203,0.0,0.0,,-0.041637426900584806,0.0,0.0,,-0.005813953488372103,0.0,0.0,,0.0,0.0,0.0,,0.0,0.0,0.0,,0.0117647058823529,0.0,0.0,,-0.05171813599115482,0.0675633894728219,,-0.029427735446237814,0.052576974136181155,,0.24340000000000003,0.0,0.9999999999653139,
2026-03-09 05:00:00+00:00,-0.06675245295158438,0.0,0.0,,-0.16065883623599309,0.0,0.0,,0.007343941248470154,0.0,0.0,,-0.011028917283120498,0.0,0.0,,-0.07166937195654866,0.0,0.0,,-0.02257749572858203,0.0,0.0,,-0.041637426900584806,0.0,0.0,,-0.005813953488372103,0.0,0.0,,0.0,0.0,0.0,,0.0,0.0,0.0,,-0.06055312743575529,0.06566166078970294,,-0.03727945132963154,0.05159550666801123,,0.16040000000000007,0.0,0.9999999999687305,
2026-03-10 04:00:00+00:00,0.008273009307135482,0.0,0.0,,-0.06675245295158438,0.0,0.0,,-0.16065883623599309,0.0,0.0,,0.007343941248470154,0.0,0.0,,-0.011028917283120498,0.0,0.0,,-0.07166937195654866,0.0,0.0,,-0.02257749572858203,0.0,0.0,,-0.041637426900584806,0.0,0.0,,-0.005813953488372103,0.0,0.0,,0.0,0.0,0.0,,-0.044564651183018465,0.07173061433748396,,-0.03645215039891799,0.05232090264818256,,0.17,0.015009380862569966,0.9849906191061605,
2026-03-11 04:00:00+00:00,-0.06905982905982921,0.0,0.0,,0.008273009307135482,0.0,0.0,,-0.06675245295158438,0.0,0.0,,-0.16065883623599309,0.0,0.0,,0.007343941248470154,0.0,0.0,,-0.011028917283120498,0.0,0.0,,-0.07166937195654866,0.0,0.0,,-0.02257749572858203,0.0,0.0,,-0.041637426900584806,0.0,0.0,,-0.005813953488372103,0.0,0.0,,-0.05617083353836021,0.06961137672754367,,-0.04335813330490092,0.051526548847555816,,0.08919999999999988,0.0,0.999999999970185,
2026-03-12 04:00:00+00:00,0.13661402864487715,0.0,0.0,,-0.06905982905982921,0.0,0.0,,0.008273009307135482,0.0,0.0,,-0.06675245295158438,0.0,0.0,,-0.16065883623599309,0.0,0.0,,0.007343941248470154,0.0,0.0,,-0.011028917283120498,0.0,0.0,,-0.07166937195654866,0.0,0.0,,-0.02257749572858203,0.0,0.0,,-0.041637426900584806,0.0,0.0,,-0.03031681605907881,0.11087459182710566,,-0.02911533509157599,0.0766280393666432,,0.23799999999999996,0.2218246869343524,0.7781753130358325,
2026-03-13 04:00:00+00:00,0.004684975767366817,0.0,0.0,,0.13661402864487715,0.0,0.0,,-0.06905982905982921,0.0,0.0,,0.008273009307135482,0.0,0.0,,-0.06675245295158438,0.0,0.0,,-0.16065883623599309,0.0,0.0,,0.007343941248470154,0.0,0.0,,-0.011028917283120498,0.0,0.0,,-0.07166937195654866,0.0,0.0,,-0.02257749572858203,0.0,0.0,,0.00275194634159317,0.08357791039654461,,-0.024483094824780827,0.07718505143598231,,0.24379999999999996,0.2304710793014172,0.7695289206687678,
2026-03-14 04:00:00+00:00,0.08650908506190702,0.0,0.0,,0.004684975767366817,0.0,0.0,,0.13661402864487715,0.0,0.0,,-0.06905982905982921,0.0,0.0,,0.008273009307135482,0.0,0.0,,-0.06675245295158438,0.0,0.0,,-0.16065883623599309,0.0,0.0,,0.007343941248470154,0.0,0.0,,-0.011028917283120498,0.0,0.0,,-0.07166937195654866,0.0,0.0,,0.03340425394429145,0.07973024110033096,,-0.013574436745731921,0.08481577026041309,,0.3513999999999999,0.39087656528351583,0.6091234346866691,
2026-03-15 04:00:00+00:00,0.044250406985348656,0.0,0.0,,0.08650908506190702,0.0,0.0,,0.004684975767366817,0.0,0.0,,0.13661402864487715,0.0,0.0,,-0.06905982905982921,0.0,0.0,,0.008273009307135482,0.0,0.0,,-0.06675245295158438,0.0,0.0,,-0.16065883623599309,0.0,0.0,,0.007343941248470154,0.0,0.0,,-0.011028917283120498,0.0,0.0,,0.040599733479934084,0.07850928342193969,,-0.0019824588515421904,0.08391025993695461,,0.41120000000000007,0.4947756607100563,0.5052243392592124,
2026-03-16 04:00:00+00:00,0.03585600907029485,0.0,0.0,,0.044250406985348656,0.0,0.0,,0.08650908506190702,0.0,0.0,,0.004684975767366817,0.0,0.0,,0.13661402864487715,0.0,0.0,,-0.06905982905982921,0.0,0.0,,0.008273009307135482,0.0,0.0,,-0.06675245295158438,0.0,0.0,,-0.16065883623599309,0.0,0.0,,0.007343941248470154,0.0,0.0,,0.0615829011059589,0.05111420296859495,,0.002706033783799344,0.0846551679309701,,0.46180000000000004,0.5889977868925389,0.4110022130758455,
2026-03-17 04:00:00+00:00,0.06348337665891357,0.0,0.0,,0.03585600907029485,0.0,0.0,,0.044250406985348656,0.0,0.0,,0.08650908506190702,0.0,0.0,,0.004684975767366817,0.0,0.0,,0.13661402864487715,0.0,0.0,,-0.06905982905982921,0.0,0.0,,0.008273009307135482,0.0,0.0,,-0.06675245295158438,0.0,0.0,,-0.16065883623599309,0.0,0.0,,0.04695677070876618,0.030638905969561085,,0.008319977324843686,0.08683041499720062,,0.5546000000000001,0.7377932783532725,0.2622067216150218,
2026-03-18 04:00:00+00:00,0.039752991123118475,0.0,0.0,,0.06348337665891357,0.0,0.0,,0.03585600907029485,0.0,0.0,,0.044250406985348656,0.0,0.0,,0.08650908506190702,0.0,0.0,,0.004684975767366817,0.0,0.0,,0.13661402864487715,0.0,0.0,,-0.06905982905982921,0.0,0.0,,0.008273009307135482,0.0,0.0,,-0.06675245295158438,0.0,0.0,,0.053970373779916515,0.02105948057644736,,0.028361160060754842,0.0634852507689318,,0.6164000000000002,0.8357641090413521,0.16423589092694216,
2026-03-19 04:00:00+00:00,0.04008908685968815,0.0,0.0,,0.039752991123118475,0.0,0.0,,0.06348337665891357,0.0,0.0,,0.03585600907029485,0.0,0.0,,0.044250406985348656,0.0,0.0,,0.08650908506190702,0.0,0.0,,0.004684975767366817,0.0,0.0,,0.13661402864487715,0.0,0.0,,-0.06905982905982921,0.0,0.0,,0.008273009307135482,0.0,0.0,,0.04468637413947274,0.010919776058248872,,0.03904531404188209,0.05397821269380941,,0.6812,0.938490805296814,0.061509194671480284,
2026-03-20 04:00:00+00:00,0.010706638115631772,0.0,0.0,,0.04008908685968815,0.0,0.0,,0.039752991123118475,0.0,0.0,,0.06348337665891357,0.0,0.0,,0.03585600907029485,0.0,0.0,,0.044250406985348656,0.0,0.0,,0.08650908506190702,0.0,0.0,,0.004684975767366817,0.0,0.0,,0.13661402864487715,0.0,0.0,,-0.06905982905982921,0.0,0.0,,0.03797762036552936,0.018750743608872317,,0.039288676922731726,0.053829339965621725,,0.6992000000000002,0.9670259987011092,0.032974001267185096,
2026-03-21 04:00:00+00:00,-0.03519303201506607,0.0,0.0,,0.010706638115631772,0.0,0.0,,0.04008908685968815,0.0,0.0,,0.039752991123118475,0.0,0.0,,0.06348337665891357,0.0,0.0,,0.03585600907029485,0.0,0.0,,0.044250406985348656,0.0,0.0,,0.08650908506190702,0.0,0.0,,0.004684975767366817,0.0,0.0,,0.13661402864487715,0.0,0.0,,0.02376781214845718,0.03790188462011709,,0.04267535662720804,0.046870757044884116,,0.6394,0.8862757731673235,0.11372422680045993,
2026-03-22 04:00:00+00:00,0.01439551055264121,0.0,0.0,,-0.03519303201506607,0.0,0.0,,0.010706638115631772,0.0,0.0,,0.04008908685968815,0.0,0.0,,0.039752991123118475,0.0,0.0,,0.06348337665891357,0.0,0.0,,0.03585600907029485,0.0,0.0,,0.044250406985348656,0.0,0.0,,0.08650908506190702,0.0,0.0,,0.004684975767366817,0.0,0.0,,0.013950238927202707,0.030719707371945782,,0.030453504817984443,0.03375294188122595,,0.6630000000000001,0.9406557376740768,0.0593442622931363,
2026-03-23 04:00:00+00:00,0.02790138304269374,0.0,0.0,,0.01439551055264121,0.0,0.0,,-0.03519303201506607,0.0,0.0,,0.010706638115631772,0.0,0.0,,0.04008908685968815,0.0,0.0,,0.039752991123118475,0.0,0.0,,0.06348337665891357,0.0,0.0,,0.03585600907029485,0.0,0.0,,0.044250406985348656,0.0,0.0,,0.08650908506190702,0.0,0.0,,0.01157991731111776,0.028616262694929638,,0.03277514554551714,0.032560961373642845,,0.7094,0.9999999999677524,0.0,
2026-03-24 04:00:00+00:00,-0.007956007956008038,0.0,0.0,,0.02790138304269374,0.0,0.0,,0.01439551055264121,0.0,0.0,,-0.03519303201506607,0.0,0.0,,0.010706638115631772,0.0,0.0,,0.04008908685968815,0.0,0.0,,0.039752991123118475,0.0,0.0,,0.06348337665891357,0.0,0.0,,0.03585600907029485,0.0,0.0,,0.044250406985348656,0.0,0.0,,0.0019708983479785223,0.024406840040368964,,0.02332863624372563,0.028715599863930286,,0.6957999999999999,0.9780715897781981,0.02192841018955428,
2026-03-25 04:00:00+00:00,-0.014388489208633115,0.0,0.0,,-0.007956007956008038,0.0,0.0,,0.02790138304269374,0.0,0.0,,0.01439551055264121,0.0,0.0,,-0.03519303201506607,0.0,0.0,,0.010706638115631772,0.0,0.0,,0.04008908685968815,0.0,0.0,,0.039752991123118475,0.0,0.0,,0.06348337665891357,0.0,0.0,,0.03585600907029485,0.0,0.0,,-0.003048127116874455,0.024739334529649736,,0.017464746624327454,0.029930066871973506,,0.6713999999999999,0.9387294420851746,0.06127055788257771,
2026-03-26 04:00:00+00:00,-0.0025128634677514805,0.0,0.0,,-0.014388489208633115,0.0,0.0,,-0.007956007956008038,0.0,0.0,,0.02790138304269374,0.0,0.0,,0.01439551055264121,0.0,0.0,,-0.03519303201506607,0.0,0.0,,0.010706638115631772,0.0,0.0,,0.04008908685968815,0.0,0.0,,0.039752991123118475,0.0,0.0,,0.06348337665891357,0.0,0.0,,0.0034879065925884634,0.01733155795711821,,0.013627859370522822,0.02976935310628076,,0.6672,0.9319574330560478,0.0680425669117045,
2026-03-27 04:00:00+00:00,-0.01715451055662176,0.0,0.0,,-0.0025128634677514805,0.0,0.0,,-0.014388489208633115,0.0,0.0,,-0.007956007956008038,0.0,0.0,,0.02790138304269374,0.0,0.0,,0.01439551055264121,0.0,0.0,,-0.03519303201506607,0.0,0.0,,0.010706638115631772,0.0,0.0,,0.04008908685968815,0.0,0.0,,0.039752991123118475,0.0,0.0,,-0.002822097629264131,0.01809409019609339,,0.005564070648969288,0.02535889996754998,,0.6386000000000002,0.8858432763338976,0.11415672363385472,
2026-03-28 04:00:00+00:00,-0.019284755278896726,0.0,0.0,,-0.01715451055662176,0.0,0.0,,-0.0025128634677514805,0.0,0.0,,-0.014388489208633115,0.0,0.0,,-0.007956007956008038,0.0,0.0,,0.02790138304269374,0.0,0.0,,0.01439551055264121,0.0,0.0,,-0.03519303201506607,0.0,0.0,,0.010706638115631772,0.0,0.0,,0.04008908685968815,0.0,0.0,,-0.012259325293582224,0.0069167351844175015,,-0.00033970399123223194,0.023304030611941307,,0.6069999999999999,0.8348919703052274,0.16510802966252486,
2026-03-29 04:00:00+00:00,0.041194772868699436,0.0,0.0,,-0.019284755278896726,0.0,0.0,,-0.01715451055662176,0.0,0.0,,-0.0025128634677514805,0.0,0.0,,-0.014388489208633115,0.0,0.0,,-0.007956007956008038,0.0,0.0,,0.02790138304269374,0.0,0.0,,0.01439551055264121,0.0,0.0,,-0.03519303201506607,0.0,0.0,,0.010706638115631772,0.0,0.0,,-0.0024291691286407293,0.02523404011224088,,-0.00022913539033110332,0.023518796192422496,,0.6731999999999999,0.9416317316690863,0.05836826829866603,
2026-03-30 04:00:00+00:00,-0.035620368156825344,0.0,0.0,,0.041194772868699436,0.0,0.0,,-0.019284755278896726,0.0,0.0,,-0.01715451055662176,0.0,0.0,,-0.0025128634677514805,0.0,0.0,,-0.014388489208633115,0.0,0.0,,-0.007956007956008038,0.0,0.0,,0.02790138304269374,0.0,0.0,,0.01439551055264121,0.0,0.0,,-0.03519303201506607,0.0,0.0,,-0.006675544918279175,0.029221135077899706,,-0.004861836017576815,0.025596295375628936,,0.6135999999999998,0.8455336987795699,0.1544663011881825,
2026-03-31 04:00:00+00:00,-0.0183440753594446,0.0,0.0,,-0.035620368156825344,0.0,0.0,,0.041194772868699436,0.0,0.0,,-0.019284755278896726,0.0,0.0,,-0.01715451055662176,0.0,0.0,,-0.0025128634677514805,0.0,0.0,,-0.014388489208633115,0.0,0.0,,-0.007956007956008038,0.0,0.0,,0.02790138304269374,0.0,0.0,,0.01439551055264121,0.0,0.0,,-0.0098417872966178,0.029513556939012548,,-0.003176940352014668,0.0238745183211515,,0.5840000000000001,0.733983877779636,0.2660161221779372,
2026-04-01 04:00:00+00:00,-0.006186868686868574,0.0,0.0,,-0.0183440753594446,0.0,0.0,,-0.035620368156825344,0.0,0.0,,0.041194772868699436,0.0,0.0,,-0.019284755278896726,0.0,0.0,,-0.01715451055662176,0.0,0.0,,-0.0025128634677514805,0.0,0.0,,-0.014388489208633115,0.0,0.0,,-0.007956007956008038,0.0,0.0,,0.02790138304269374,0.0,0.0,,-0.007648258922667161,0.029240489255906776,,-0.005235178275965646,0.02306473698544912,,0.5742000000000002,0.7096219930966661,0.29037800686037857,
2026-04-02 04:00:00+00:00,0.011815525346207556,0.0,0.0,,-0.006186868686868574,0.0,0.0,,-0.0183440753594446,0.0,0.0,,-0.035620368156825344,0.0,0.0,,0.041194772868699436,0.0,0.0,,-0.019284755278896726,0.0,0.0,,-0.01715451055662176,0.0,0.0,,-0.0025128634677514805,0.0,0.0,,-0.014388489208633115,0.0,0.0,,-0.007956007956008038,0.0,0.0,,-0.0014282027976463053,0.029453396269886696,,-0.0068437640456142645,0.020962024250413356,,0.5928,0.6743016759399834,0.3256983240041507,
2026-04-03 04:00:00+00:00,-0.00878955298844808,0.0,0.0,,0.011815525346207556,0.0,0.0,,-0.006186868686868574,0.0,0.0,,-0.0183440753594446,0.0,0.0,,-0.035620368156825344,0.0,0.0,,0.041194772868699436,0.0,0.0,,-0.019284755278896726,0.0,0.0,,-0.01715451055662176,0.0,0.0,,-0.0025128634677514805,0.0,0.0,,-0.014388489208633115,0.0,0.0,,-0.011425067969075808,0.017376673034724722,,-0.006927118548858269,0.02096859470317984,,0.5788,0.5620389000293735,0.43796109990355747,
2026-04-04 04:00:00+00:00,-0.0306561945781606,0.0,0.0,,-0.00878955298844808,0.0,0.0,,0.011815525346207556,0.0,0.0,,-0.006186868686868574,0.0,0.0,,-0.0183440753594446,0.0,0.0,,-0.035620368156825344,0.0,0.0,,0.041194772868699436,0.0,0.0,,-0.019284755278896726,0.0,0.0,,-0.01715451055662176,0.0,0.0,,-0.0025128634677514805,0.0,0.0,,-0.01043223325334286,0.0157105867064094,,-0.008553889085811017,0.022206282513736412,,0.5303999999999999,0.2770597738063759,0.7229402261128486,
2026-04-05 04:00:00+00:00,0.004051228437010002,0.0,0.0,,-0.0306561945781606,0.0,0.0,,-0.00878955298844808,0.0,0.0,,0.011815525346207556,0.0,0.0,,-0.006186868686868574,0.0,0.0,,-0.0183440753594446,0.0,0.0,,-0.035620368156825344,0.0,0.0,,0.041194772868699436,0.0,0.0,,-0.019284755278896726,0.0,0.0,,-0.01715451055662176,0.0,0.0,,-0.00595317249405194,0.01607912955693938,,-0.00789747989533487,0.02249977065243985,,0.5366,0.034636871504510086,0.965363128383758,
2026-04-06 04:00:00+00:00,-0.00377456722634395,0.0,0.0,,0.004051228437010002,0.0,0.0,,-0.0306561945781606,0.0,0.0,,-0.00878955298844808,0.0,0.0,,0.011815525346207556,0.0,0.0,,-0.006186868686868574,0.0,0.0,,-0.0183440753594446,0.0,0.0,,-0.035620368156825344,0.0,0.0,,0.041194772868699436,0.0,0.0,,-0.019284755278896726,0.0,0.0,,-0.005470712201947015,0.016106532033386523,,-0.006559485562307088,0.022284924197940332,,0.5307999999999998,0.0022346368712582543,0.9977653630170099,
2026-04-07 04:00:00+00:00,-0.04324536190227335,0.0,0.0,,-0.00377456722634395,0.0,0.0,,0.004051228437010002,0.0,0.0,,-0.0306561945781606,0.0,0.0,,-0.00878955298844808,0.0,0.0,,0.011815525346207556,0.0,0.0,,-0.006186868686868574,0.0,0.0,,-0.0183440753594446,0.0,0.0,,-0.035620368156825344,0.0,0.0,,0.041194772868699436,0.0,0.0,,-0.016482889651643195,0.019744944840788838,,-0.00895554622464475,0.02493562954013759,,0.4645999999999998,0.0,0.9999999999183007,
2026-04-08 04:00:00+00:00,-0.023624197733169372,0.0,0.0,,-0.04324536190227335,0.0,0.0,,-0.00377456722634395,0.0,0.0,,0.004051228437010002,0.0,0.0,,-0.0306561945781606,0.0,0.0,,-0.00878955298844808,0.0,0.0,,0.011815525346207556,0.0,0.0,,-0.006186868686868574,0.0,0.0,,-0.0183440753594446,0.0,0.0,,-0.035620368156825344,0.0,0.0,,-0.019449818600587455,0.01941165179875715,,-0.01543744328483163,0.017876227298946955,,0.43,0.0,0.999999999928418,
2026-04-09 04:00:00+00:00,-0.016363636363636358,0.0,0.0,,-0.023624197733169372,0.0,0.0,,-0.04324536190227335,0.0,0.0,,-0.00377456722634395,0.0,0.0,,0.004051228437010002,0.0,0.0,,-0.0306561945781606,0.0,0.0,,-0.00878955298844808,0.0,0.0,,0.011815525346207556,0.0,0.0,,-0.006186868686868574,0.0,0.0,,-0.0183440753594446,0.0,0.0,,-0.016591306957682607,0.018373453107748947,,-0.013511770105512733,0.0164399943474164,,0.40659999999999996,0.0,0.9999999999339498,
